<?xml version="1.0"?>
<opencv_storage>
<cascade>
  <stageType>BOOST</stageType>
  <featureType>HAAR</featureType>
  <height>24</height>
  <width>24</width>
  <stageParams>
    <boostType>GAB</boostType>
    <minHitRate>9.9900001287460327e-01</minHitRate>
    <maxFalseAlarm>5.0000000000000000e-01</maxFalseAlarm>
    <weightTrimRate>9.4999999999999996e-01</weightTrimRate>
    <maxDepth>1</maxDepth>
    <maxWeakCount>100</maxWeakCount></stageParams>
  <featureParams>
    <maxCatCount>0</maxCatCount>
    <featSize>1</featSize>
    <mode>BASIC</mode></featureParams>
  <stageNum>7</stageNum>
  <stages>
    <!-- stage 0 -->
    <_>
      <maxWeakCount>1</maxWeakCount>
      <stageThreshold>9.9600797891616821e-01</stageThreshold>
      <weakClassifiers>
        <_>
          <internalNodes>
            0 -1 7 2.2342586517333984e-01</internalNodes>
          <leafValues>
            -1. 9.9600797891616821e-01</leafValues></_></weakClassifiers></_>
    <!-- stage 1 -->
    <_>
      <maxWeakCount>2</maxWeakCount>
      <stageThreshold>-1.3862089812755585e-01</stageThreshold>
      <weakClassifiers>
        <_>
          <internalNodes>
            0 -1 11 -1.4718699967488647e-03</internalNodes>
          <leafValues>
            8.6301368474960327e-01 -9.0184050798416138e-01</leafValues></_>
        <_>
          <internalNodes>
            0 -1 2 1.3462373986840248e-02</internalNodes>
          <leafValues>
            -9.7540086507797241e-01 7.6321959495544434e-01</leafValues></_></weakClassifiers></_>
    <!-- stage 2 -->
    <_>
      <maxWeakCount>4</maxWeakCount>
      <stageThreshold>-7.2039544582366943e-01</stageThreshold>
      <weakClassifiers>
        <_>
          <internalNodes>
            0 -1 11 -2.6415432803332806e-03</internalNodes>
          <leafValues>
            7.3076921701431274e-01 -7.9166668653488159e-01</leafValues></_>
        <_>
          <internalNodes>
            0 -1 13 1.6454676166176796e-02</internalNodes>
          <leafValues>
            -8.1875312328338623e-01 6.6432404518127441e-01</leafValues></_>
        <_>
          <internalNodes>
            0 -1 17 -3.0007507652044296e-02</internalNodes>
          <leafValues>
            5.0688922405242920e-01 -9.6068370342254639e-01</leafValues></_>
        <_>
          <internalNodes>
            0 -1 5 6.9435432553291321e-02</internalNodes>
          <leafValues>
            -9.9257820844650269e-01 3.8313511013984680e-01</leafValues></_></weakClassifiers></_>
    <!-- stage 3 -->
    <_>
      <maxWeakCount>4</maxWeakCount>
      <stageThreshold>-7.4689042568206787e-01</stageThreshold>
      <weakClassifiers>
        <_>
          <internalNodes>
            0 -1 4 7.1939835324883461e-03</internalNodes>
          <leafValues>
            -7.0097088813781738e-01 7.4432986974716187e-01</leafValues></_>
        <_>
          <internalNodes>
            0 -1 9 9.4768598675727844e-02</internalNodes>
          <leafValues>
            -8.9748209714889526e-01 4.9870440363883972e-01</leafValues></_>
        <_>
          <internalNodes>
            0 -1 10 2.1874131634831429e-03</internalNodes>
          <leafValues>
            -7.8546363115310669e-01 4.6008005738258362e-01</leafValues></_>
        <_>
          <internalNodes>
            0 -1 15 -2.5339651983813383e-05</internalNodes>
          <leafValues>
            -9.8698979616165161e-01 3.9148250222206116e-01</leafValues></_></weakClassifiers></_>
    <!-- stage 4 -->
    <_>
      <maxWeakCount>4</maxWeakCount>
      <stageThreshold>-9.6057677268981934e-01</stageThreshold>
      <weakClassifiers>
        <_>
          <internalNodes>
            0 -1 12 -2.3542264898424037e-05</internalNodes>
          <leafValues>
            -9.9371069669723511e-01 4.6334311366081238e-01</leafValues></_>
        <_>
          <internalNodes>
            0 -1 6 -2.8463127091526985e-03</internalNodes>
          <leafValues>
            3.5376337170600891e-01 -9.8547136783599854e-01</leafValues></_>
        <_>
          <internalNodes>
            0 -1 16 5.7715051807463169e-03</internalNodes>
          <leafValues>
            -7.0822858810424805e-01 5.7361066341400146e-01</leafValues></_>
        <_>
          <internalNodes>
            0 -1 0 1.8501184880733490e-02</internalNodes>
          <leafValues>
            -9.9597322940826416e-01 3.8759917020797729e-01</leafValues></_></weakClassifiers></_>
    <!-- stage 5 -->
    <_>
      <maxWeakCount>2</maxWeakCount>
      <stageThreshold>-2.7430209517478943e-01</stageThreshold>
      <weakClassifiers>
        <_>
          <internalNodes>
            0 -1 3 6.8072974681854248e-03</internalNodes>
          <leafValues>
            -6.7590618133544922e-01 5.9698683023452759e-01</leafValues></_>
        <_>
          <internalNodes>
            0 -1 1 1.0084550012834370e-04</internalNodes>
          <leafValues>
            4.0160408616065979e-01 -1.</leafValues></_></weakClassifiers></_>
    <!-- stage 6 -->
    <_>
      <maxWeakCount>2</maxWeakCount>
      <stageThreshold>-2.7109938859939575e-01</stageThreshold>
      <weakClassifiers>
        <_>
          <internalNodes>
            0 -1 8 -5.1679242460522801e-05</internalNodes>
          <leafValues>
            -8.2383418083190918e-01 5.1791530847549438e-01</leafValues></_>
        <_>
          <internalNodes>
            0 -1 14 1.9483370124362409e-05</internalNodes>
          <leafValues>
            5.5273479223251343e-01 -6.8672305345535278e-01</leafValues></_></weakClassifiers></_></stages>
  <features>
    <_>
      <rects>
        <_>
          0 0 20 24 -1.</_>
        <_>
          10 0 10 24 2.</_></rects>
      <tilted>0</tilted></_>
    <_>
      <rects>
        <_>
          2 20 11 4 -1.</_>
        <_>
          2 22 11 2 2.</_></rects>
      <tilted>0</tilted></_>
    <_>
      <rects>
        <_>
          6 11 4 6 -1.</_>
        <_>
          8 11 2 6 2.</_></rects>
      <tilted>0</tilted></_>
    <_>
      <rects>
        <_>
          7 7 3 9 -1.</_>
        <_>
          8 7 1 9 3.</_></rects>
      <tilted>0</tilted></_>
    <_>
      <rects>
        <_>
          7 8 3 9 -1.</_>
        <_>
          8 8 1 9 3.</_></rects>
      <tilted>0</tilted></_>
    <_>
      <rects>
        <_>
          9 1 6 18 -1.</_>
        <_>
          9 7 6 6 3.</_></rects>
      <tilted>0</tilted></_>
    <_>
      <rects>
        <_>
          9 3 6 10 -1.</_>
        <_>
          11 3 2 10 3.</_></rects>
      <tilted>0</tilted></_>
    <_>
      <rects>
        <_>
          9 3 6 21 -1.</_>
        <_>
          9 10 6 7 3.</_></rects>
      <tilted>0</tilted></_>
    <_>
      <rects>
        <_>
          9 20 3 4 -1.</_>
        <_>
          9 22 3 2 2.</_></rects>
      <tilted>0</tilted></_>
    <_>
      <rects>
        <_>
          10 3 4 14 -1.</_>
        <_>
          10 10 4 7 2.</_></rects>
      <tilted>0</tilted></_>
    <_>
      <rects>
        <_>
          10 11 3 2 -1.</_>
        <_>
          11 11 1 2 3.</_></rects>
      <tilted>0</tilted></_>
    <_>
      <rects>
        <_>
          11 11 3 2 -1.</_>
        <_>
          12 11 1 2 3.</_></rects>
      <tilted>0</tilted></_>
    <_>
      <rects>
        <_>
          11 20 2 4 -1.</_>
        <_>
          11 22 2 2 2.</_></rects>
      <tilted>0</tilted></_>
    <_>
      <rects>
        <_>
          12 7 6 13 -1.</_>
        <_>
          14 7 2 13 3.</_></rects>
      <tilted>0</tilted></_>
    <_>
      <rects>
        <_>
          13 22 8 1 -1.</_>
        <_>
          17 22 4 1 2.</_></rects>
      <tilted>0</tilted></_>
    <_>
      <rects>
        <_>
          13 22 8 2 -1.</_>
        <_>
          17 22 4 2 2.</_></rects>
      <tilted>0</tilted></_>
    <_>
      <rects>
        <_>
          14 8 3 10 -1.</_>
        <_>
          15 8 1 10 3.</_></rects>
      <tilted>0</tilted></_>
    <_>
      <rects>
        <_>
          16 0 8 20 -1.</_>
        <_>
          20 0 4 20 2.</_></rects>
      <tilted>0</tilted></_></features></cascade>
</opencv_storage>
