<?xml version="1.0"?>
<opencv_storage>
<stage6>
  <maxWeakCount>2</maxWeakCount>
  <stageThreshold>-2.7109938859939575e-01</stageThreshold>
  <weakClassifiers>
    <_>
      <internalNodes>
        0 -1 106594 -5.1679242460522801e-05</internalNodes>
      <leafValues>
        -8.2383418083190918e-01 5.1791530847549438e-01</leafValues></_>
    <_>
      <internalNodes>
        0 -1 133734 1.9483370124362409e-05</internalNodes>
      <leafValues>
        5.5273479223251343e-01 -6.8672305345535278e-01</leafValues></_></weakClassifiers></stage6>
</opencv_storage>
