<?xml version="1.0"?>
<opencv_storage>
<stage3>
  <maxWeakCount>4</maxWeakCount>
  <stageThreshold>-7.4689042568206787e-01</stageThreshold>
  <weakClassifiers>
    <_>
      <internalNodes>
        0 -1 85814 7.1939835324883461e-03</internalNodes>
      <leafValues>
        -7.0097088813781738e-01 7.4432986974716187e-01</leafValues></_>
    <_>
      <internalNodes>
        0 -1 108819 9.4768598675727844e-02</internalNodes>
      <leafValues>
        -8.9748209714889526e-01 4.9870440363883972e-01</leafValues></_>
    <_>
      <internalNodes>
        0 -1 112172 2.1874131634831429e-03</internalNodes>
      <leafValues>
        -7.8546363115310669e-01 4.6008005738258362e-01</leafValues></_>
    <_>
      <internalNodes>
        0 -1 133737 -2.5339651983813383e-05</internalNodes>
      <leafValues>
        -9.8698979616165161e-01 3.9148250222206116e-01</leafValues></_></weakClassifiers></stage3>
</opencv_storage>
