<?xml version="1.0"?>
<opencv_storage>
<stage2>
  <maxWeakCount>4</maxWeakCount>
  <stageThreshold>-7.2039544582366943e-01</stageThreshold>
  <weakClassifiers>
    <_>
      <internalNodes>
        0 -1 119305 -2.6415432803332806e-03</internalNodes>
      <leafValues>
        7.3076921701431274e-01 -7.9166668653488159e-01</leafValues></_>
    <_>
      <internalNodes>
        0 -1 124775 1.6454676166176796e-02</internalNodes>
      <leafValues>
        -8.1875312328338623e-01 6.6432404518127441e-01</leafValues></_>
    <_>
      <internalNodes>
        0 -1 144303 -3.0007507652044296e-02</internalNodes>
      <leafValues>
        5.0688922405242920e-01 -9.6068370342254639e-01</leafValues></_>
    <_>
      <internalNodes>
        0 -1 99721 6.9435432553291321e-02</internalNodes>
      <leafValues>
        -9.9257820844650269e-01 3.8313511013984680e-01</leafValues></_></weakClassifiers></stage2>
</opencv_storage>
