<?xml version="1.0"?>
<opencv_storage>
<stage4>
  <maxWeakCount>4</maxWeakCount>
  <stageThreshold>-9.6057677268981934e-01</stageThreshold>
  <weakClassifiers>
    <_>
      <internalNodes>
        0 -1 121161 -2.3542264898424037e-05</internalNodes>
      <leafValues>
        -9.9371069669723511e-01 4.6334311366081238e-01</leafValues></_>
    <_>
      <internalNodes>
        0 -1 100672 -2.8463127091526985e-03</internalNodes>
      <leafValues>
        3.5376337170600891e-01 -9.8547136783599854e-01</leafValues></_>
    <_>
      <internalNodes>
        0 -1 136828 5.7715051807463169e-03</internalNodes>
      <leafValues>
        -7.0822858810424805e-01 5.7361066341400146e-01</leafValues></_>
    <_>
      <internalNodes>
        0 -1 751 1.8501184880733490e-02</internalNodes>
      <leafValues>
        -9.9597322940826416e-01 3.8759917020797729e-01</leafValues></_></weakClassifiers></stage4>
</opencv_storage>
