<?xml version="1.0"?>
<opencv_storage>
<stage5>
  <maxWeakCount>2</maxWeakCount>
  <stageThreshold>-2.7430209517478943e-01</stageThreshold>
  <weakClassifiers>
    <_>
      <internalNodes>
        0 -1 85308 6.8072974681854248e-03</internalNodes>
      <leafValues>
        -6.7590618133544922e-01 5.9698683023452759e-01</leafValues></_>
    <_>
      <internalNodes>
        0 -1 37747 1.0084550012834370e-04</internalNodes>
      <leafValues>
        4.0160408616065979e-01 -1.</leafValues></_></weakClassifiers></stage5>
</opencv_storage>
