<?xml version="1.0"?>
<opencv_storage>
<stage1>
  <maxWeakCount>2</maxWeakCount>
  <stageThreshold>-1.3862089812755585e-01</stageThreshold>
  <weakClassifiers>
    <_>
      <internalNodes>
        0 -1 119305 -1.4718699967488647e-03</internalNodes>
      <leafValues>
        8.6301368474960327e-01 -9.0184050798416138e-01</leafValues></_>
    <_>
      <internalNodes>
        0 -1 77859 1.3462373986840248e-02</internalNodes>
      <leafValues>
        -9.7540086507797241e-01 7.6321959495544434e-01</leafValues></_></weakClassifiers></stage1>
</opencv_storage>
