<?xml version="1.0"?>
<opencv_storage>
<cascade>
  <stageType>BOOST</stageType>
  <featureType>HAAR</featureType>
  <height>30</height>
  <width>135</width>
  <stageParams>
    <boostType>GAB</boostType>
    <minHitRate>9.9989998340606689e-01</minHitRate>
    <maxFalseAlarm>5.0000000000000000e-01</maxFalseAlarm>
    <weightTrimRate>9.4999999999999996e-01</weightTrimRate>
    <maxDepth>1</maxDepth>
    <maxWeakCount>100</maxWeakCount></stageParams>
  <featureParams>
    <maxCatCount>0</maxCatCount>
    <featSize>1</featSize>
    <mode>BASIC</mode></featureParams>
  <stageNum>2</stageNum>
  <stages>
    <!-- stage 0 -->
    <_>
      <maxWeakCount>2</maxWeakCount>
      <stageThreshold>0.</stageThreshold>
      <weakClassifiers>
        <_>
          <internalNodes>
            0 -1 2 -2.5091248098760843e-03</internalNodes>
          <leafValues>
            1. -9.9800199270248413e-01</leafValues></_>
        <_>
          <internalNodes>
            0 -1 0 8.2135558128356934e-02</internalNodes>
          <leafValues>
            -1. 1.</leafValues></_></weakClassifiers></_>
    <!-- stage 1 -->
    <_>
      <maxWeakCount>1</maxWeakCount>
      <stageThreshold>6.6666668653488159e-01</stageThreshold>
      <weakClassifiers>
        <_>
          <internalNodes>
            0 -1 1 -5.4214205592870712e-03</internalNodes>
          <leafValues>
            6.6666668653488159e-01 -1.</leafValues></_></weakClassifiers></_></stages>
  <features>
    <_>
      <rects>
        <_>
          0 5 33 8 -1.</_>
        <_>
          11 5 11 8 3.</_></rects>
      <tilted>0</tilted></_>
    <_>
      <rects>
        <_>
          86 28 15 2 -1.</_>
        <_>
          86 29 15 1 2.</_></rects>
      <tilted>0</tilted></_>
    <_>
      <rects>
        <_>
          99 10 9 1 -1.</_>
        <_>
          102 10 3 1 3.</_></rects>
      <tilted>0</tilted></_></features></cascade>
</opencv_storage>
