<?xml version="1.0"?>
<opencv_storage>
<stage0>
  <maxWeakCount>2</maxWeakCount>
  <stageThreshold>0.</stageThreshold>
  <weakClassifiers>
    <_>
      <internalNodes>
        0 -1 7392071 -2.5091248098760843e-03</internalNodes>
      <leafValues>
        1. -9.9800199270248413e-01</leafValues></_>
    <_>
      <internalNodes>
        0 -1 36550 8.2135558128356934e-02</internalNodes>
      <leafValues>
        -1. 1.</leafValues></_></weakClassifiers></stage0>
</opencv_storage>
